Data,Mandante,Hor/Res,Visitante,Campo,Torneio,Fase,Pontos Mandante,Pontos Visitante,Vencedor,Defensor do Título
2008-10-25 14:00:00,Brown Spiders,33 - 10,Coritiba Crocodiles,,Amistoso,,33,10,Brown Spiders, - 
2009-08-07 14:00:00,JEC Gladiators,08 - 21,Brown Spiders,,Torneio Touchdown 2009,,8,21,Brown Spiders,Brown Spiders
2009-08-22 14:00:00,Brown Spiders,20 - 23,Coritiba Crocodiles,,Torneio Touchdown 2009,,20,23,Coritiba Crocodiles,Brown Spiders
2009-09-12 14:00:00,Coritiba Crocodiles,31 - 21,JEC Gladiators,,Torneio Touchdown 2009,,31,21,Coritiba Crocodiles,Coritiba Crocodiles
2009-10-11 14:00:00,Coritiba Crocodiles,12 - 20,Brown Spiders,,Torneio Touchdown 2009,,12,20,Brown Spiders,Coritiba Crocodiles
2009-11-07 14:00:00,Brown Spiders,00 - 12,JEC Gladiators,,Torneio Touchdown 2009,,0,12,JEC Gladiators,Brown Spiders
2009-11-10 14:00:00,Istepôs FA,00 - 28,JEC Gladiators,,Campeonato Catarinense 2009,,0,28,JEC Gladiators,JEC Gladiators
2009-11-15 14:00:00,JEC Gladiators,41 - 06,Brusque Admirals,,Campeonato Catarinense 2009,,41,6,JEC Gladiators,JEC Gladiators
2010-04-07 14:00:00,JEC Gladiators,21 - 16,Jaraguá Breakers,,Campeonato Catarinense 2010,,21,16,JEC Gladiators,JEC Gladiators
2010-05-02 14:00:00,JEC Gladiators,51 - 06,Corupá Buffalos,,Campeonato Catarinense 2010,,51,6,JEC Gladiators,JEC Gladiators
2010-05-15 14:00:00,Jaraguá Breakers,07 - 54,JEC Gladiators,,Campeonato Catarinense 2010,,7,54,JEC Gladiators,JEC Gladiators
2010-05-23 14:00:00,Timbó Rex,00 - 28,JEC Gladiators,,Campeonato Catarinense 2010,,0,28,JEC Gladiators,JEC Gladiators
2010-05-30 14:00:00,JEC Gladiators,81 - 00,Tubarão Predadores,,Campeonato Catarinense 2010,,81,0,JEC Gladiators,JEC Gladiators
2010-06-13 14:00:00,Corupá Buffalos,14 - 35,JEC Gladiators,,Campeonato Catarinense 2010,,14,35,JEC Gladiators,JEC Gladiators
2010-06-27 14:00:00,JEC Gladiators,27 - 00,Timbó Rex,,Campeonato Catarinense 2010,,27,0,JEC Gladiators,JEC Gladiators
2010-07-10 14:00:00,Blumenau Riesen,00 - 33,JEC Gladiators,,Campeonato Catarinense 2010,,0,33,JEC Gladiators,JEC Gladiators
2010-08-21 14:00:00,Timbó Rex,27 - 34,JEC Gladiators,Timbó/SC,Liga Brasileira 2010,,27,34,JEC Gladiators,JEC Gladiators
2010-09-11 14:00:00,Coritiba Crocodiles,35 - 08,JEC Gladiators,Balsa Nova/PR,Liga Brasileira 2010,,35,8,Coritiba Crocodiles,JEC Gladiators
2010-10-09 14:00:00,Timbó Rex,00 - 49,Coritiba Crocodiles,Timbó/SC,Liga Brasileira 2010,,0,49,Coritiba Crocodiles,Coritiba Crocodiles
2010-10-23 14:00:00,Coritiba Crocodiles,24 - 00,Porto Alegre Pumpkins,Balsa Nova/PR,Liga Brasileira 2010,,24,0,Coritiba Crocodiles,Coritiba Crocodiles
2010-11-13 14:00:00,JEC Gladiators,22 - 17,Coritiba Crocodiles,Joinville/SC,Liga Brasileira 2010,,22,17,JEC Gladiators,Coritiba Crocodiles
2011-04-02 14:00:00,JEC Gladiators,59 - 00,Tubarão Predadores,,Campeonato Catarinense 2011,,59,0,JEC Gladiators,JEC Gladiators
2011-04-17 14:00:00,Brusque Admirals,16 - 50,JEC Gladiators,,Campeonato Catarinense 2011,,16,50,JEC Gladiators,JEC Gladiators
2011-05-01 14:00:00,JEC Gladiators,12 - 06,Jaraguá Breakers,,Campeonato Catarinense 2011,,12,6,JEC Gladiators,JEC Gladiators
2011-05-08 14:00:00,JEC Gladiators,21 - 06,Corupá Buffalos,,Campeonato Catarinense 2011,,21,6,JEC Gladiators,JEC Gladiators
2011-05-22 14:00:00,Tubarão Predadores,00 - 45,JEC Gladiators,,Campeonato Catarinense 2011,,0,45,JEC Gladiators,JEC Gladiators
2011-06-11 14:00:00,Blumenau Riesen,00 - 48,JEC Gladiators,,Campeonato Catarinense 2011,,0,48,JEC Gladiators,JEC Gladiators
2011-06-18 14:00:00,JEC Gladiators,66 - 06,Brusque Admirals,,Campeonato Catarinense 2011,,66,6,JEC Gladiators,JEC Gladiators
2011-06-26 14:00:00,Corupá Buffalos,07 - 20,JEC Gladiators,,Campeonato Catarinense 2011,,7,20,JEC Gladiators,JEC Gladiators
2011-08-13 14:00:00,Porto Alegre Pumpkins,18 - 53,JEC Gladiators,São Leopoldo/RS,Liga Brasileira 2011,,18,53,JEC Gladiators,JEC Gladiators
2011-09-03 14:00:00,JEC Gladiators,25 - 22,Cuiabá Arsenal,Joinville/SC,Liga Brasileira 2011,,25,22,JEC Gladiators,JEC Gladiators
2011-09-18 14:00:00,JEC Gladiators,21 - 41,Coritiba Crocodiles,Joinville/SC,Liga Brasileira 2011,,21,41,Coritiba Crocodiles,JEC Gladiators
2011-10-08 14:00:00,Istepôs FA,13 - 26,Coritiba Crocodiles,São José/SC,Liga Brasileira 2011,,13,26,Coritiba Crocodiles,Coritiba Crocodiles
2011-10-22 14:00:00,Santa Cruz Chacais,00 - 34,Coritiba Crocodiles,Santa Cruz do Sul/RS,Liga Brasileira 2011,,0,34,Coritiba Crocodiles,Coritiba Crocodiles
2011-11-06 14:00:00,Coritiba Crocodiles,20 - 14,Brown Spiders,,Liga Brasileira 2011,,20,14,Coritiba Crocodiles,Coritiba Crocodiles
2011-11-20 14:30:00,Coritiba Crocodiles,17 - 09,JEC Gladiators,,Liga Brasileira 2011,,17,9,Coritiba Crocodiles,Coritiba Crocodiles
2011-12-10 14:00:00,Coritiba Crocodiles,07 - 14,Fluminense FA,,Liga Brasileira 2011,,7,14,Fluminense FA,Coritiba Crocodiles
2012-07-14 14:00:00,Fluminense FA,49 - 00,Cabritos FA,Rio de Janeiro/RJ,Campeonato Brasileiro 2012,,49,0,Fluminense FA,Fluminense FA
2012-07-28 14:00:00,América Locomotiva,15 - 22,Fluminense FA,Belo Horizonte/MG,Campeonato Brasileiro 2012,,15,22,Fluminense FA,Fluminense FA
2012-08-26 14:00:00,Fluminense FA,44 - 19,Spartans Football,Estádio Ronaldo Nazário - Rio de Janeiro/RJ,Campeonato Brasileiro 2012,,44,19,Fluminense FA,Fluminense FA
2012-09-15 14:00:00,Brasil Devilz,07 - 47,Fluminense FA,Barueri/SP,Campeonato Brasileiro 2012,,7,47,Fluminense FA,Fluminense FA
2012-09-22 14:00:00,Fluminense FA,09 - 26,América Locomotiva,Rio de Janeiro/RJ,Campeonato Brasileiro 2012,,9,26,América Locomotiva,Fluminense FA
2012-10-21 14:00:00,São Paulo Storm,49 - 00,América Locomotiva,,Campeonato Brasileiro 2012,,49,0,São Paulo Storm,América Locomotiva
2012-10-27 14:00:00,Fluminense FA,25 - 20,São Paulo Storm,,Campeonato Brasileiro 2012,,25,20,Fluminense FA,São Paulo Storm
2012-11-11 14:00:00,Fluminense FA,15 - 17,Coritiba Crocodiles,,Campeonato Brasileiro 2012,,15,17,Coritiba Crocodiles,Fluminense FA
2012-11-24 14:00:00,Cuiabá Arsenal,31 - 23,Coritiba Crocodiles,,Campeonato Brasileiro 2012,,31,23,Cuiabá Arsenal,Coritiba Crocodiles
2013-06-29 14:00:00,Cuiabá Arsenal,57 - 00,Sinop Coyotes,Cuiabá/MT,Campeonato Brasileiro 2013,,57,0,Cuiabá Arsenal,Cuiabá Arsenal
2013-07-13 14:00:00,Rio Preto Weilers,00 - 46,Cuiabá Arsenal,São José do Rio Preto/SP,Campeonato Brasileiro 2013,,0,46,Cuiabá Arsenal,Cuiabá Arsenal
2013-07-27 14:00:00,Sinop Coyotes,07 - 48,Cuiabá Arsenal,Sinop/MT,Campeonato Brasileiro 2013,,7,48,Cuiabá Arsenal,Cuiabá Arsenal
2013-08-10 14:00:00,Cuiabá Arsenal,42 - 00,Brasil Devilz,Cuiabá/MT,Campeonato Brasileiro 2013,,42,0,Cuiabá Arsenal,Cuiabá Arsenal
2013-08-25 14:00:00,Jacarés do Pantanal,00 - 58,Cuiabá Arsenal,Campo Grande/MS,Campeonato Brasileiro 2013,,0,58,Cuiabá Arsenal,Cuiabá Arsenal
2013-09-07 14:00:00,Cuiabá Arsenal,93 - 00,Jacarés do Pantanal,Cuiabá/MT,Campeonato Brasileiro 2013,,93,0,Cuiabá Arsenal,Cuiabá Arsenal
2013-10-12 14:00:00,Cuiabá Arsenal,13 - 16,Istepôs FA,,Campeonato Brasileiro 2013,,13,16,Istepôs FA,Cuiabá Arsenal
2013-11-23 14:00:00,Coritiba Crocodiles,13 - 09,Istepôs FA,,Campeonato Brasileiro 2013,,13,9,Coritiba Crocodiles,Istepôs FA
2013-12-14 14:00:00,João Pessoa Espectros,13 - 24,Coritiba Crocodiles,,Campeonato Brasileiro 2013,,13,24,Coritiba Crocodiles,Coritiba Crocodiles
2014-03-16 14:00:00,Paraná HP,00 - 10,Coritiba Crocodiles,Centro Esportivo Fanático - Campo Largo/PR,Campeonato Paranaense 2014,,0,10,Coritiba Crocodiles,Coritiba Crocodiles
2014-03-30 14:00:00,UFPR Legends,03 - 22,Coritiba Crocodiles,UFPR Campus de Agrárias - Curitiba/PR,Campeonato Paranaense 2014,,3,22,Coritiba Crocodiles,Coritiba Crocodiles
2014-04-12 14:00:00,Coritiba Crocodiles,27 - 00,Brown Spiders,Clube Imperial - Curitiba/PR,Campeonato Paranaense 2014,,27,0,Coritiba Crocodiles,Coritiba Crocodiles
2014-04-26 14:00:00,Coritiba Crocodiles,49 - 03,Maringá Pyros,Curitiba/PR,Campeonato Paranaense 2014,,49,3,Coritiba Crocodiles,Coritiba Crocodiles
2014-05-17 14:00:00,Coritiba Crocodiles,70 - 00,Unicentro Knights,Clube Imperial - Curitiba/PR,Campeonato Paranaense 2014,,70,0,Coritiba Crocodiles,Coritiba Crocodiles
2014-06-01 14:00:00,Foz do Iguaçu Black Sharks,02 - 21,Coritiba Crocodiles,Foz do Iguaçu/PR,Campeonato Paranaense 2014,,2,21,Coritiba Crocodiles,Coritiba Crocodiles
2014-06-15 14:00:00,PRC Guardian Saints,02 - 72,Coritiba Crocodiles,Curitiba/PR,Campeonato Paranaense 2014,,2,72,Coritiba Crocodiles,Coritiba Crocodiles
2014-07-05 15:00:00,Coritiba Crocodiles,07 - 06,Paraná HP,,Campeonato Paranaense 2014,,7,6,Coritiba Crocodiles,Coritiba Crocodiles
2014-08-03 14:00:00,Coritiba Crocodiles,22 - 00,Istepôs FA,Curitiba/PR,Superliga Nacional 2014,,22,0,Coritiba Crocodiles,Coritiba Crocodiles
2014-08-30 18:30:00,Goiânia Rednecks,00 - 44,Coritiba Crocodiles,SESI Ferreira Pacheco - Goiânia/GO,Superliga Nacional 2014,,0,44,Coritiba Crocodiles,Coritiba Crocodiles
2014-09-14 14:00:00,Coritiba Crocodiles,45 - 09,Cuiabá Arsenal,Clube Imperial - Curitiba/PR,Superliga Nacional 2014,,45,9,Coritiba Crocodiles,Coritiba Crocodiles
2014-10-11 14:00:00,São Paulo Storm,34 - 65,Coritiba Crocodiles,São Paulo/SP,Superliga Nacional 2014,,34,65,Coritiba Crocodiles,Coritiba Crocodiles
2014-11-16 14:00:00,Coritiba Crocodiles,35 - 21,Cuiabá Arsenal,,Superliga Nacional 2014,,35,21,Coritiba Crocodiles,Coritiba Crocodiles
2014-12-14 16:00:00,Coritiba Crocodiles,23 - 17,João Pessoa Espectros,,Superliga Nacional 2014,,23,17,Coritiba Crocodiles,Coritiba Crocodiles
2015-03-01 15:00:18,Coritiba Crocodiles,31 - 06,Maringá Pyros,Campo União Capão Raso - Curitiba/PR,Campeonato Paranaense 2015,,31,6,Coritiba Crocodiles,Coritiba Crocodiles
2015-03-14 14:00:18,Coritiba Crocodiles,07 - 14,Paraná HP,Centro Esportivo Fanático - Campo Largo/PR,Campeonato Paranaense 2015,,7,14,Paraná HP,Coritiba Crocodiles
2015-03-29 14:00:18,Maringá Pyros,09 - 38,Paraná HP,Estádio Municipal - Apucarana/PR,Campeonato Paranaense 2015,,9,38,Paraná HP,Paraná HP
2015-04-12 14:00:18,Paraná HP,81 - 06,Unicentro Knights,Centro Esportivo Fanático - Campo Largo/PR,Campeonato Paranaense 2015,,81,6,Paraná HP,Paraná HP
2015-04-25 14:00:18,Paraná HP,107 - 00,Norte Paraná,Centro Esportivo Fanático - Campo Largo/PR,Campeonato Paranaense 2015,,107,0,Paraná HP,Paraná HP
2015-05-09 14:00:18,Paraná HP,21 - 06,Brown Spiders,Centro Esportivo Fanático - Campo Largo/PR,Campeonato Paranaense 2015,,21,6,Paraná HP,Paraná HP
2015-05-30 14:00:18,PRC Guardian Saints,00 - 92,Paraná HP,Campo União Capão Raso - Curitiba/PR,Campeonato Paranaense 2015,,0,92,Paraná HP,Paraná HP
2015-06-20 14:00:18,Paraná HP,12 - 21,Coritiba Crocodiles,,Campeonato Paranaense 2015,,12,21,Coritiba Crocodiles,Paraná HP
2015-08-01 14:00:15,Goiânia Rednecks,06 - 34,Coritiba Crocodiles,,Superliga Nacional 2015,,6,34,Coritiba Crocodiles,Coritiba Crocodiles
2015-08-16 14:00:15,Coritiba Crocodiles,14 - 23,Cuiabá Arsenal,Clube Imperial - Curitiba/PR,Superliga Nacional 2015,,14,23,Cuiabá Arsenal,Coritiba Crocodiles
2015-08-29 14:30:15,Goiânia Rednecks,20 - 37,Cuiabá Arsenal,Estádio Hailé Pinheiro - Goiânia/GO,Superliga Nacional 2015,,20,37,Cuiabá Arsenal,Cuiabá Arsenal
2015-09-12 14:00:15,Cuiabá Arsenal,27 - 20,São Paulo Storm,,Superliga Nacional 2015,,27,20,Cuiabá Arsenal,Cuiabá Arsenal
2015-10-11 14:30:15,Cuiabá Arsenal,40 - 16,Itapema White Sharks,,Superliga Nacional 2015,,40,16,Cuiabá Arsenal,Cuiabá Arsenal
2015-11-07 14:00:15,Foz do Iguaçu Black Sharks,27 - 21,Cuiabá Arsenal,Campo da Vila A – Foz do Iguaçu/PR,Superliga Nacional 2015,,27,21,Foz do Iguaçu Black Sharks,Cuiabá Arsenal
2016-03-13 09:00:18,Foz do Iguaçu Black Sharks,00 - 20,Brown Spiders,Campo do Gresfi - Foz do Iguaçu/PR,Campeonato Paranaense 2016,,0,20,Brown Spiders,Foz do Iguaçu Black Sharks
2016-04-02 14:00:58,Londrina Bristlebacks,09 - 39,Brown Spiders,Campo Estrela - Ibiporã/PR,Campeonato Paranaense 2016,,9,39,Brown Spiders,Brown Spiders
2016-04-16 14:00:15,Brown Spiders,12 - 13,Paraná HP,Croco Stadium - Curitiba/PR,Campeonato Paranaense 2016,,12,13,Paraná HP,Brown Spiders
2016-05-01 14:00:11,Paraná HP,75 - 07,Londrina Bristlebacks,Centro Esportivo Fanático - Campo Largo/PR,Campeonato Paranaense 2016,,75,7,Paraná HP,Paraná HP
2016-05-29 14:00:52,Paraná HP,41 - 00,Londrina Bristlebacks,,Campeonato Paranaense 2016,,41,0,Paraná HP,Paraná HP
2016-06-19 13:00:33,Coritiba Crocodiles,00 - 14,Paraná HP,,Campeonato Paranaense 2016,,0,14,Paraná HP,Paraná HP
2016-07-10 13:00:50,Coritiba Crocodiles,10 - 03,Paraná HP,Campo da Univ. Positivo - Curitiba/PR,Superliga Nacional 2016,,10,3,Coritiba Crocodiles,Paraná HP
2016-08-06 14:00:50,Brown Spiders,14 - 42,Coritiba Crocodiles,Croco Stadium - Curitiba/PR,Superliga Nacional 2016,,14,42,Coritiba Crocodiles,Coritiba Crocodiles
2016-08-20 14:00:50,Juventude FA,00 - 21,Coritiba Crocodiles,Clube União Forquetense - Caxias do Sul/RS,Superliga Nacional 2016,,0,21,Coritiba Crocodiles,Coritiba Crocodiles
2016-09-03 14:00:50,Coritiba Crocodiles,13 - 02,Foz do Iguaçu Black Sharks,Croco Stadium - Curitiba/PR,Superliga Nacional 2016,,13,2,Coritiba Crocodiles,Coritiba Crocodiles
2016-09-24 14:00:50,São José WSI,22 - 27,Coritiba Crocodiles,Colégio Forquilhão - São José/SC,Superliga Nacional 2016,,22,27,Coritiba Crocodiles,Coritiba Crocodiles
2016-10-09 14:00:50,Coritiba Crocodiles,06 - 25,Timbó Rex,Croco Stadium - Curitiba/PR,Superliga Nacional 2016,,6,25,Timbó Rex,Coritiba Crocodiles
2016-10-22 15:00:10,Timbó Rex,12 - 00,São José WSI,,Superliga Nacional 2016,,12,0,Timbó Rex,Timbó Rex
2016-11-13 15:00:10,Timbó Rex,15 - 00,Coritiba Crocodiles,,Superliga Nacional 2016,,15,0,Timbó Rex,Timbó Rex
2016-11-26 18:00:10,Cuiabá Arsenal,07 - 20,Timbó Rex,,Superliga Nacional 2016,,7,20,Timbó Rex,Timbó Rex
2016-12-18 14:00:10,Flamengo Imperadores,24 - 36,Timbó Rex,,Superliga Nacional 2016,,24,36,Timbó Rex,Timbó Rex
2017-04-15 14:30:16,Timbó Rex,38 - 08,Black Hawks,Complexo Esportivo - Timbó/SC,Campeonato Catarinense 2017,,38,8,Timbó Rex,Timbó Rex
2017-04-29 14:30:16,Miners FA,00 - 41,Timbó Rex,Estádio Valmor Mário Guollo - Cocal do Sul/SC,Campeonato Catarinense 2017,,0,41,Timbó Rex,Timbó Rex
2017-06-11 14:30:16,Timbó Rex,10 - 07,Jaraguá Breakers,,Campeonato Catarinense 2017,,10,7,Timbó Rex,Timbó Rex
2017-06-25 14:30:16,Timbó Rex,28 - 07,Istepôs FA,,Campeonato Catarinense 2017,,28,7,Timbó Rex,Timbó Rex
2017-07-23 14:00:00,Timbó Rex,34 - 07,Paraná HP,Complexo Esportivo - Timbó/SC,BFA 2017,,34,7,Timbó Rex,Timbó Rex
2017-08-05 14:30:00,Timbó Rex,27 - 00,Juventude FA,Complexo Esportivo - Timbó/SC,BFA 2017,,27,0,Timbó Rex,Timbó Rex
2017-08-20 14:30:00,Brown Spiders,03 - 30,Timbó Rex,Croco Stadium - Curitiba/PR,BFA 2017,,3,30,Timbó Rex,Timbó Rex
2017-09-02 14:00:00,Santa Maria Soldiers,13 - 14,Timbó Rex,Estádio Presidente Vargas - Santa Maria/RS,BFA 2017,,13,14,Timbó Rex,Timbó Rex
2017-09-17 14:30:00,Timbó Rex,42 - 00,Istepôs FA,Complexo Esportivo - Timbó/SC,BFA 2017,,42,0,Timbó Rex,Timbó Rex
2017-10-01 14:00:00,Coritiba Crocodiles,12 - 22,Timbó Rex,Croco Stadium - Curitiba/PR,BFA 2017,,12,22,Timbó Rex,Timbó Rex
2017-10-15 14:30:06,Timbó Rex,07 - 10,Coritiba Crocodiles,,BFA 2017,,7,10,Coritiba Crocodiles,Timbó Rex
2017-10-28 15:00:06,Santa Maria Soldiers,06 - 35,Coritiba Crocodiles,,BFA 2017,,6,35,Coritiba Crocodiles,Coritiba Crocodiles
2017-11-18 16:00:06,Coritiba Crocodiles,10 - 17,Sada Cruzeiro/Galo FA,,BFA 2017,,10,17,Sada Cruzeiro/Galo FA,Coritiba Crocodiles
2017-12-10 17:00:42,Sada Cruzeiro/Galo FA,30 - 13,João Pessoa Espectros,,BFA 2017,,30,13,Sada Cruzeiro/Galo FA,Sada Cruzeiro/Galo FA
2018-03-17 17:00:00,Sada Cruzeiro/Galo FA,82 - 07,Nova Serrana Forgeds,SESC Venda Nova - Belo Horizonte/MG,Campeonato Mineiro 2018,,82,7,Sada Cruzeiro/Galo FA,Sada Cruzeiro/Galo FA
2018-04-07 17:00:00,Piratas da Serra,00 - 74,Sada Cruzeiro/Galo FA,SESC Venda Nova - Belo Horizonte/MG,Campeonato Mineiro 2018,,0,74,Sada Cruzeiro/Galo FA,Sada Cruzeiro/Galo FA
2018-06-16 14:00:13,Sada Cruzeiro/Galo FA,58 - 06,Contagem Inconfidentes,,Campeonato Mineiro 2018,,58,6,Sada Cruzeiro/Galo FA,Sada Cruzeiro/Galo FA
2018-06-23 16:00:13,Sada Cruzeiro/Galo FA,50 - 14,América Locomotiva,,Campeonato Mineiro 2018,,50,14,Sada Cruzeiro/Galo FA,Sada Cruzeiro/Galo FA
2018-07-21 14:00:00,Tritões FA,14 - 34,Sada Cruzeiro/Galo FA,Toca do Índio - Vila Velha/ES,BFA 2018,,14,34,Sada Cruzeiro/Galo FA,Sada Cruzeiro/Galo FA
2018-08-11 00:00:00,Juiz de Fora Imperadores,00 - 49,Sada Cruzeiro/Galo FA,W.O.,BFA 2018,,0,49,Sada Cruzeiro/Galo FA,Sada Cruzeiro/Galo FA
2018-08-25 17:00:00,Sada Cruzeiro/Galo FA,63 - 02,América Locomotiva,SESC Venda Nova - Belo Horizonte/MG,BFA 2018,,63,2,Sada Cruzeiro/Galo FA,Sada Cruzeiro/Galo FA
2018-09-15 17:00:00,Sada Cruzeiro/Galo FA,65 - 00,São Paulo Storm,SESC Venda Nova - Belo Horizonte/MG,BFA 2018,,65,0,Sada Cruzeiro/Galo FA,Sada Cruzeiro/Galo FA
2018-09-23 14:00:00,Sada Cruzeiro/Galo FA,13 - 06,Matias Barbosa Primatas,Campo do Botafogo - Matozinhos/MG,Copa Ouro 2017,,13,6,Sada Cruzeiro/Galo FA,Sada Cruzeiro/Galo FA
2018-09-30 10:00:00,Guarulhos Rhynos,20 - 44,Sada Cruzeiro/Galo FA,Estádio do Canindé - São Paulo/SP,BFA 2018,,20,44,Sada Cruzeiro/Galo FA,Sada Cruzeiro/Galo FA
2018-10-14 14:00:00,Contagem Inconfidentes,06 - 07,Sada Cruzeiro/Galo FA,Matias Barbosa/MG,Copa Ouro 2017,,6,7,Sada Cruzeiro/Galo FA,Sada Cruzeiro/Galo FA
2018-10-20 15:00:00,Sada Cruzeiro/Galo FA,59 - 00,Vasco Almirantes,SESC Venda Nova - Belo Horizonte/MG,BFA 2018,,59,0,Sada Cruzeiro/Galo FA,Sada Cruzeiro/Galo FA
2018-11-03 15:00:00,Sada Cruzeiro/Galo FA,53 - 00,Botafogo Reptiles,,BFA 2018,,53,0,Sada Cruzeiro/Galo FA,Sada Cruzeiro/Galo FA
2018-11-17 18:00:00,Sada Cruzeiro/Galo FA,47 - 14,Vila Velha Tritões,,BFA 2018,,47,14,Sada Cruzeiro/Galo FA,Sada Cruzeiro/Galo FA
2018-12-01 18:00:00,Sada Cruzeiro/Galo FA,14 - 10,Timbó Rex,,BFA 2018,,14,10,Sada Cruzeiro/Galo FA,Sada Cruzeiro/Galo FA
2018-12-09 15:00:00,Sada Cruzeiro/Galo FA,14 - 16,América Locomotiva,Faculdade Universo - Belo Horizonte/MG,Copa Ouro 2018,,14,16,América Locomotiva,Sada Cruzeiro/Galo FA
2019-01-13 13:00:00,Contagem Inconfidentes,22 - 15,América Locomotiva,Arena Frigoarnaldo - Contagem/MG,Copa Ouro 2017,,22,15,Contagem Inconfidentes,América Locomotiva
2019-07-28 15:00:00,Contagem Inconfidentes,48 - 28,Nova Serrana Forgeds,Arena Frigoarnaldo - Contagem/MG,BFA Acesso 2019,,48,28,Contagem Inconfidentes,Contagem Inconfidentes
2019-08-17 14:00:00,Tigres FA,13 - 47,Contagem Inconfidentes,Ipatingão - Ipatinga/MG,BFA Acesso 2019,,13,47,Contagem Inconfidentes,Contagem Inconfidentes
2019-09-01 15:00:00,Contagem Inconfidentes,41 - 33,Blaze FA,Contagem/MG,BFA Acesso 2019,,41,33,Contagem Inconfidentes,Contagem Inconfidentes
2019-09-28 14:00:00,Palmeiras Locomotives,17 - 12,Contagem Inconfidentes,CT Touchdown - São Paulo/SP,BFA Acesso 2019,,17,12,Palmeiras Locomotives,Contagem Inconfidentes
2022-06-26 13:30:00,Vasco Almirantes,16 - 09,Palmeiras Locomotives,C. E. Miécimo da Silva - Rio de Janeiro/RJ,BFA 2022,,16,9,Vasco Almirantes,Palmeiras Locomotives
2022-07-17 14:00:00,Macaé Oilers,06 - 20,Vasco Almirantes,Macaé/RJ,BFA 2022,,6,20,Vasco Almirantes,Vasco Almirantes
2022-08-06 10:00:00,Sada Cruzeiro/Galo FA,48 - 34,Vasco Almirantes,CTE/UFMG - Belo Horizonte/MG,BFA 2022,,48,34,Sada Cruzeiro/Galo FA,Vasco Almirantes
2022-08-14 10:00:00,Sada Cruzeiro/Galo FA,50 - 00,Corinthians Steamrollers,CTE/UFMG - Belo Horizonte/MG,Brasileirao 2022,,50,0,Sada Cruzeiro/Galo FA,Sada Cruzeiro/Galo FA
2022-09-03 18:00:00,Sorriso Hornets,00 - 53,Sada Cruzeiro/Galo FA,Toca do Lobo - Sorriso/MT,BFA 2022,,0,53,Sada Cruzeiro/Galo FA,Sada Cruzeiro/Galo FA
2022-09-11 11:00:00,Sada Cruzeiro/Galo FA,42 - 08,Flamengo Imperadores,CTE/UFMG - Belo Horizonte/MG,Brasileirao 2022,,42,8,Sada Cruzeiro/Galo FA,Sada Cruzeiro/Galo FA
2022-09-18 16:00:29,Sada Cruzeiro/Galo FA,60 - 00,América Locomotiva,,BFA 2022,Semifinal SE,60,0,Sada Cruzeiro/Galo FA,Sada Cruzeiro/Galo FA
2022-09-24 17:00:00,Sada Cruzeiro/Galo FA,50 - 00,Tritões FA,CTE/UFMG - Belo Horizonte/MG,Brasileirao 2022,,50,0,Sada Cruzeiro/Galo FA,Sada Cruzeiro/Galo FA
2022-10-15 18:00:54,Sada Cruzeiro/Galo FA,35 - 06,Vasco Almirantes,,BFA 2022,Final SE,35,6,Sada Cruzeiro/Galo FA,Sada Cruzeiro/Galo FA
2022-11-02 18:00:20,Sada Cruzeiro/Galo FA,18 - 11,João Pessoa Espectros,,BFA 2022,,18,11,Sada Cruzeiro/Galo FA,Sada Cruzeiro/Galo FA
2022-11-05 17:00:58,Sada Cruzeiro/Galo FA,29 - 14,Flamengo Imperadores,,Brasileirao 2022,Quartas de Final,29,14,Sada Cruzeiro/Galo FA,Sada Cruzeiro/Galo FA
2022-11-12 17:00:50,Sada Cruzeiro/Galo FA,20 - 00,Rio Preto Weilers,,Brasileirao 2022,,20,0,Sada Cruzeiro/Galo FA,Sada Cruzeiro/Galo FA
2022-11-19 15:00:47,Timbó Rex,30 - 20,Sada Cruzeiro/Galo FA,,BFA 2022,,30,20,Timbó Rex,Sada Cruzeiro/Galo FA
2023-07-08 17:00:00,Timbó Rex,35 - 00,Juventude FA,Complexo Esportivo - Timbó/SC,BFA 2023,,35,0,Timbó Rex,Timbó Rex
2023-07-29 14:00:00,Santa Maria Soldiers,08 - 26,Timbó Rex,Estádio dos Eucaliptos - Santa Maria/RS,BFA 2023,,8,26,Timbó Rex,Timbó Rex
2023-08-19 15:00:00,Almirantes FA,12 - 17,Timbó Rex,Estádio Camilo Mussi - Itajaí/SC,BFA 2023,,12,17,Timbó Rex,Timbó Rex
2023-10-14 15:00:00,Timbó Rex,10 - 00,Istepôs FA,Complexo Esportivo - Timbó/SC,BFA 2023,,10,0,Timbó Rex,Timbó Rex
2023-10-28 17:00:06,Timbó Rex,17 - 00,Juventude FA,,BFA 2023,-,17,0,Timbó Rex,Timbó Rex
2023-11-11 20:00:10,Timbó Rex,12 - 15,Almirantes FA,,BFA 2023,-,12,15,Almirantes FA,Timbó Rex
2023-11-25 15:00:11,Recife Mariners,06 - 25,Almirantes FA,,BFA 2023,,6,25,Almirantes FA,Almirantes FA
2023-12-16 15:00:34,Almirantes FA,14 - 21,Sada Cruzeiro/Galo FA,,BFA 2023,,14,21,Sada Cruzeiro/Galo FA,Almirantes FA
2024-06-02 10:00:00,Sada Cruzeiro/Galo FA,28 - 07,Uberlândia Lobos,,Campeonato Mineiro 2024,,28,7,Sada Cruzeiro/Galo FA,Sada Cruzeiro/Galo FA
2024-06-22 14:00:00,Sada Cruzeiro/Galo FA,41 - 03,Nova Serrana Forgeds,,Campeonato Mineiro 2024,,41,3,Sada Cruzeiro/Galo FA,Sada Cruzeiro/Galo FA
2024-07-06 14:00:00,América Locomotiva,12 - 19,Sada Cruzeiro/Galo FA,,Campeonato Mineiro 2024,,12,19,Sada Cruzeiro/Galo FA,Sada Cruzeiro/Galo FA
2024-08-03 16:00:00,Sada Cruzeiro/Galo FA,20 - 13,Vasco Almirantes,CTE/UFMG - Belo Horizonte/MG,BFA 2024,,20,13,Sada Cruzeiro/Galo FA,Sada Cruzeiro/Galo FA
2024-08-24 14:00:00,Manaus FA,00 - 23,Sada Cruzeiro/Galo FA,Estádio Ismael Benigno - Manaus/AM,BFA 2024,,0,23,Sada Cruzeiro/Galo FA,Sada Cruzeiro/Galo FA
2024-09-01 14:00:00,América Locomotiva,00 - 33,Sada Cruzeiro/Galo FA,Faculdade Universo - Belo Horizonte/MG,BFA 2024,,0,33,Sada Cruzeiro/Galo FA,Sada Cruzeiro/Galo FA
2024-09-21 19:00:00,Sada Cruzeiro/Galo FA,36 - 02,Tubarões do Cerrado,CTE/UFMG - Belo Horizonte/MG,BFA 2024,,36,2,Sada Cruzeiro/Galo FA,Sada Cruzeiro/Galo FA
2024-10-20 15:00:32,Sada Cruzeiro/Galo FA,07 - 00,Vasco Almirantes,,BFA 2024,-,7,0,Sada Cruzeiro/Galo FA,Sada Cruzeiro/Galo FA
2024-11-09 14:00:30,Rondonópolis Hawks,03 - 16,Sada Cruzeiro/Galo FA,,BFA 2024,,3,16,Sada Cruzeiro/Galo FA,Sada Cruzeiro/Galo FA
2024-12-01 15:00:49,Recife Mariners,22 - 06,Sada Cruzeiro/Galo FA,,BFA 2024,,22,6,Recife Mariners,Sada Cruzeiro/Galo FA
